{
  "areas": [
      {
        "risk" : 1,
        "area" : [
            [-127.28488,49.97099],
            [-127.2489,49.97099],
            [-127.2489,49.96132],
            [-127.2489,49.97099],
            [-127.2489,49.98066]
          ]
      },
      {
        "risk" : 2,
        "area" : [
            [-55.74929,49.80658],
            [-55.74929,49.81626],
            [-55.71331,49.81626]
          ]
      }
    ]
}
